[
  {
    "TileName": "ForestUnreachableTile",
    "TileKeyNumber": 0,
    "MapTypes": 1,
    "Width": 1,
    "Height": 1,
    "FilePath": "Prefabs\\Forest\\",
    "RandomTiles": false
  },
  {
    "TileName": "ForestPathCenterTile",
    "TileKeyNumber": 1,
    "MapTypes": 1,
    "Width": 1,
    "Height": 1,
    "FilePath": "Prefabs\\Forest\\",
    "RandomTiles": false
  },
  {
    "TileName": "ForestGrassTileSet",
    "TileKeyNumber": 2,
    "MapTypes": 1,
    "Width": 3,
    "Height": 2,
    "FilePath": "Prefabs\\Forest\\",
    "RandomTiles": true
  },
  {
    "TileName": "ForestPathUpLeftInnerTile",
    "TileKeyNumber": 3,
    "MapTypes": 1,
    "Width": 1,
    "Height": 1,
    "FilePath": "Prefabs\\Forest\\",
    "RandomTiles": false
  },
  {
    "TileName": "ForestTreeTileSet",
    "TileKeyNumber": 4,
    "MapTypes": 1,
    "Width": 3,
    "Height": 4,
    "FilePath": "Prefabs\\Forest\\",
    "RandomTiles": false
  },
  {
    "TileName": "ForestPathUpTile",
    "TileKeyNumber": 5,
    "MapTypes": 1,
    "Width": 1,
    "Height": 1,
    "FilePath": "Prefabs\\Forest\\",
    "RandomTiles": false
  },
  {
    "TileName": "ForestPathUpTile",
    "TileKeyNumber": 7,
    "MapTypes": 1,
    "Width": 1,
    "Height": 1,
    "FilePath": "Prefabs\\Forest\\",
    "RandomTiles": false
  },
  {
    "TileName": "ForestRockTileSet",
    "TileKeyNumber": 8,
    "MapTypes": 1,
    "Width": 3,
    "Height": 1,
    "FilePath": "Prefabs\\Forest\\",
    "RandomTiles": true
  },
  {
    "TileName": "ForestPathUpRightInnerTile",
    "TileKeyNumber": 9,
    "MapTypes": 1,
    "Width": 1,
    "Height": 1,
    "FilePath": "Prefabs\\Forest\\",
    "RandomTiles": false
  },
  {
    "TileName": "ForestPathUpTile",
    "TileKeyNumber": 13,
    "MapTypes": 1,
    "Width": 1,
    "Height": 1,
    "FilePath": "Prefabs\\Forest\\",
    "RandomTiles": false
  },
  {
    "TileName": "ForestPathUpTile",
    "TileKeyNumber": 15,
    "MapTypes": 1,
    "Width": 1,
    "Height": 1,
    "FilePath": "Prefabs\\Forest\\",
    "RandomTiles": false
  },
  {
    "TileName": "ForestBushTile",
    "TileKeyNumber": 16,
    "MapTypes": 1,
    "Width": 1,
    "Height": 1,
    "FilePath": "Prefabs\\Forest\\",
    "RandomTiles": false
  },
  {
    "TileName": "ForestPathLeftTile",
    "TileKeyNumber": 17,
    "MapTypes": 1,
    "Width": 1,
    "Height": 1,
    "FilePath": "Prefabs\\Forest\\",
    "RandomTiles": false
  },
  {
    "TileName": "ForestPathLeftTile",
    "TileKeyNumber": 19,
    "MapTypes": 1,
    "Width": 1,
    "Height": 1,
    "FilePath": "Prefabs\\Forest\\",
    "RandomTiles": false
  },
  {
    "TileName": "ForestPathUpLeftOuterTile",
    "TileKeyNumber": 21,
    "MapTypes": 1,
    "Width": 1,
    "Height": 1,
    "FilePath": "Prefabs\\Forest\\",
    "RandomTiles": false
  },
  {
    "TileName": "ForestPathUpLeftOuterTile",
    "TileKeyNumber": 23,
    "MapTypes": 1,
    "Width": 1,
    "Height": 1,
    "FilePath": "Prefabs\\Forest\\",
    "RandomTiles": false
  },
  {
    "TileName": "ForestPathUpRightAndLeftTile",
    "TileKeyNumber": 25,
    "MapTypes": 1,
    "Width": 1,
    "Height": 1,
    "FilePath": "Prefabs\\Forest\\",
    "RandomTiles": false
  },
  {
    "TileName": "ForestPathUpLeftOuterTile",
    "TileKeyNumber": 29,
    "MapTypes": 1,
    "Width": 1,
    "Height": 1,
    "FilePath": "Prefabs\\Forest\\",
    "RandomTiles": false
  },
  {
    "TileName": "ForestPathUpLeftOuterTile",
    "TileKeyNumber": 31,
    "MapTypes": 1,
    "Width": 1,
    "Height": 1,
    "FilePath": "Prefabs\\Forest\\",
    "RandomTiles": false
  },
  {
    "TileName": "ForestLogTile",
    "TileKeyNumber": 32,
    "MapTypes": 1,
    "Width": 1,
    "Height": 1,
    "FilePath": "Prefabs\\Forest\\",
    "RandomTiles": false
  },
  {
    "TileName": "ForestPathRightTile",
    "TileKeyNumber": 33,
    "MapTypes": 1,
    "Width": 1,
    "Height": 1,
    "FilePath": "Prefabs\\Forest\\",
    "RandomTiles": false
  },
  {
    "TileName": "ForestPathUpLeftAndRightTile",
    "TileKeyNumber": 35,
    "MapTypes": 1,
    "Width": 1,
    "Height": 1,
    "FilePath": "Prefabs\\Forest\\",
    "RandomTiles": false
  },
  {
    "TileName": "ForestPathUpRightOuterTile",
    "TileKeyNumber": 37,
    "MapTypes": 1,
    "Width": 1,
    "Height": 1,
    "FilePath": "Prefabs\\Forest\\",
    "RandomTiles": false
  },
  {
    "TileName": "ForestPathUpRightOuterTile",
    "TileKeyNumber": 39,
    "MapTypes": 1,
    "Width": 1,
    "Height": 1,
    "FilePath": "Prefabs\\Forest\\",
    "RandomTiles": false
  },
  {
    "TileName": "ForestPathRightTile",
    "TileKeyNumber": 41,
    "MapTypes": 1,
    "Width": 1,
    "Height": 1,
    "FilePath": "Prefabs\\Forest\\",
    "RandomTiles": false
  },
  {
    "TileName": "ForestPathUpRightOuterTile",
    "TileKeyNumber": 45,
    "MapTypes": 1,
    "Width": 1,
    "Height": 1,
    "FilePath": "Prefabs\\Forest\\",
    "RandomTiles": false
  },
  {
    "TileName": "ForestPathUpRightOuterTile",
    "TileKeyNumber": 47,
    "MapTypes": 1,
    "Width": 1,
    "Height": 1,
    "FilePath": "Prefabs\\Forest\\",
    "RandomTiles": false
  },
  {
    "TileName": "ForestBoarderTileSet",
    "TileKeyNumber": 64,
    "MapTypes": 1,
    "Width": 3,
    "Height": 4,
    "FilePath": "Prefabs\\Forest\\",
    "RandomTiles": false
  },
  {
    "TileName": "ForestPathDownLeftInnerTile",
    "TileKeyNumber": 65,
    "MapTypes": 1,
    "Width": 1,
    "Height": 1,
    "FilePath": "Prefabs\\Forest\\",
    "RandomTiles": false
  },
  {
    "TileName": "ForestPathDownLeftAndUpTile",
    "TileKeyNumber": 69,
    "MapTypes": 1,
    "Width": 1,
    "Height": 1,
    "FilePath": "Prefabs\\Forest\\",
    "RandomTiles": false
  },
  {
    "TileName": "ForestPathLeftTile",
    "TileKeyNumber": 81,
    "MapTypes": 1,
    "Width": 1,
    "Height": 1,
    "FilePath": "Prefabs\\Forest\\",
    "RandomTiles": false
  },
  {
    "TileName": "ForestPathLeftTile",
    "TileKeyNumber": 83,
    "MapTypes": 1,
    "Width": 1,
    "Height": 1,
    "FilePath": "Prefabs\\Forest\\",
    "RandomTiles": false
  },
  {
    "TileName": "ForestPathUpLeftOuterTile",
    "TileKeyNumber": 85,
    "MapTypes": 1,
    "Width": 1,
    "Height": 1,
    "FilePath": "Prefabs\\Forest\\",
    "RandomTiles": false
  },
  {
    "TileName": "ForestPathUpLeftOuterTile",
    "TileKeyNumber": 87,
    "MapTypes": 1,
    "Width": 1,
    "Height": 1,
    "FilePath": "Prefabs\\Forest\\",
    "RandomTiles": false
  },
  {
    "TileName": "ForestPathUpLeftOuterTile",
    "TileKeyNumber": 95,
    "MapTypes": 1,
    "Width": 1,
    "Height": 1,
    "FilePath": "Prefabs\\Forest\\",
    "RandomTiles": false
  },
  {
    "TileName": "ForestPathDownLeftAndRightTile",
    "TileKeyNumber": 97,
    "MapTypes": 1,
    "Width": 1,
    "Height": 1,
    "FilePath": "Prefabs\\Forest\\",
    "RandomTiles": false
  },
  {
    "TileName": "ForestBarrelTile",
    "TileKeyNumber": 128,
    "MapTypes": 1,
    "Width": 1,
    "Height": 1,
    "FilePath": "Prefabs\\Forest\\",
    "RandomTiles": false
  },
  {
    "TileName": "ForestPathDownTile",
    "TileKeyNumber": 129,
    "MapTypes": 1,
    "Width": 1,
    "Height": 1,
    "FilePath": "Prefabs\\Forest\\",
    "RandomTiles": false
  },
  {
    "TileName": "ForestPathUpRightAndDownTile",
    "TileKeyNumber": 131,
    "MapTypes": 1,
    "Width": 1,
    "Height": 1,
    "FilePath": "Prefabs\\Forest\\",
    "RandomTiles": false
  },
  {
    "TileName": "ForestPathUpRightAndDownTile",
    "TileKeyNumber": 137,
    "MapTypes": 1,
    "Width": 1,
    "Height": 1,
    "FilePath": "Prefabs\\Forest\\",
    "RandomTiles": false
  },
  {
    "TileName": "ForestPathDownLeftOuterTile",
    "TileKeyNumber": 145,
    "MapTypes": 1,
    "Width": 1,
    "Height": 1,
    "FilePath": "Prefabs\\Forest\\",
    "RandomTiles": false
  },
  {
    "TileName": "ForestPathDownLeftOuterTile",
    "TileKeyNumber": 147,
    "MapTypes": 1,
    "Width": 1,
    "Height": 1,
    "FilePath": "Prefabs\\Forest\\",
    "RandomTiles": false
  },
  {
    "TileName": "ForestPathDownRightOuterTile",
    "TileKeyNumber": 161,
    "MapTypes": 1,
    "Width": 1,
    "Height": 1,
    "FilePath": "Prefabs\\Forest\\",
    "RandomTiles": false
  },
  {
    "TileName": "ForestPathDownRightOuterTile",
    "TileKeyNumber": 169,
    "MapTypes": 1,
    "Width": 1,
    "Height": 1,
    "FilePath": "Prefabs\\Forest\\",
    "RandomTiles": false
  },
  {
    "TileName": "ForestPathDownTile",
    "TileKeyNumber": 193,
    "MapTypes": 1,
    "Width": 1,
    "Height": 1,
    "FilePath": "Prefabs\\Forest\\",
    "RandomTiles": false
  },
  {
    "TileName": "ForestPathDownLeftOuterTile",
    "TileKeyNumber": 209,
    "MapTypes": 1,
    "Width": 1,
    "Height": 1,
    "FilePath": "Prefabs\\Forest\\",
    "RandomTiles": false
  },
  {
    "TileName": "ForestPathDownLeftOuterTile",
    "TileKeyNumber": 211,
    "MapTypes": 1,
    "Width": 1,
    "Height": 1,
    "FilePath": "Prefabs\\Forest\\",
    "RandomTiles": false
  },
  {
    "TileName": "ForestPathDownRightOuterTile",
    "TileKeyNumber": 225,
    "MapTypes": 1,
    "Width": 1,
    "Height": 1,
    "FilePath": "Prefabs\\Forest\\",
    "RandomTiles": false
  },
  {
    "TileName": "ForestChestTile",
    "TileKeyNumber": 256,
    "MapTypes": 1,
    "Width": 1,
    "Height": 1,
    "FilePath": "Prefabs\\Forest\\",
    "RandomTiles": false
  },
  {
    "TileName": "ForestPathDownRightInnerTile",
    "TileKeyNumber": 257,
    "MapTypes": 1,
    "Width": 1,
    "Height": 1,
    "FilePath": "Prefabs\\Forest\\",
    "RandomTiles": false
  },
  {
    "TileName": "ForestPathDownRightAndUpTile",
    "TileKeyNumber": 261,
    "MapTypes": 1,
    "Width": 1,
    "Height": 1,
    "FilePath": "Prefabs\\Forest\\",
    "RandomTiles": false
  },
  {
    "TileName": "ForestPathDownRightAndLeftTile",
    "TileKeyNumber": 273,
    "MapTypes": 1,
    "Width": 1,
    "Height": 1,
    "FilePath": "Prefabs\\Forest\\",
    "RandomTiles": false
  },
  {
    "TileName": "ForestPathRightTile",
    "TileKeyNumber": 289,
    "MapTypes": 1,
    "Width": 1,
    "Height": 1,
    "FilePath": "Prefabs\\Forest\\",
    "RandomTiles": false
  },
  {
    "TileName": "ForestPathUpLeftOuterTile",
    "TileKeyNumber": 293,
    "MapTypes": 1,
    "Width": 1,
    "Height": 1,
    "FilePath": "Prefabs\\Forest\\",
    "RandomTiles": false
  },
  {
    "TileName": "ForestPathRightTile",
    "TileKeyNumber": 297,
    "MapTypes": 1,
    "Width": 1,
    "Height": 1,
    "FilePath": "Prefabs\\Forest\\",
    "RandomTiles": false
  },
  {
    "TileName": "ForestPathUpRightOuterTile",
    "TileKeyNumber": 301,
    "MapTypes": 1,
    "Width": 1,
    "Height": 1,
    "FilePath": "Prefabs\\Forest\\",
    "RandomTiles": false
  },
  {
    "TileName": "ForestPathUpRightOuterTile",
    "TileKeyNumber": 303,
    "MapTypes": 1,
    "Width": 1,
    "Height": 1,
    "FilePath": "Prefabs\\Forest\\",
    "RandomTiles": false
  },
  {
    "TileName": "ForestPathDownTile",
    "TileKeyNumber": 385,
    "MapTypes": 1,
    "Width": 1,
    "Height": 1,
    "FilePath": "Prefabs\\Forest\\",
    "RandomTiles": false
  },
  {
    "TileName": "ForestPathDownLeftOuterTile",
    "TileKeyNumber": 401,
    "MapTypes": 1,
    "Width": 1,
    "Height": 1,
    "FilePath": "Prefabs\\Forest\\",
    "RandomTiles": false
  },
  {
    "TileName": "ForestPathDownRightOuterTile",
    "TileKeyNumber": 417,
    "MapTypes": 1,
    "Width": 1,
    "Height": 1,
    "FilePath": "Prefabs\\Forest\\",
    "RandomTiles": false
  },
  {
    "TileName": "ForestPathDownRightOuterTile",
    "TileKeyNumber": 425,
    "MapTypes": 1,
    "Width": 1,
    "Height": 1,
    "FilePath": "Prefabs\\Forest\\",
    "RandomTiles": false
  },
  {
    "TileName": "ForestPathDownTile",
    "TileKeyNumber": 449,
    "MapTypes": 1,
    "Width": 1,
    "Height": 1,
    "FilePath": "Prefabs\\Forest\\",
    "RandomTiles": false
  },
  {
    "TileName": "ForestPathDownLeftOuterTile",
    "TileKeyNumber": 465,
    "MapTypes": 1,
    "Width": 1,
    "Height": 1,
    "FilePath": "Prefabs\\Forest\\",
    "RandomTiles": false
  },
  {
    "TileName": "ForestPathDownLeftOuterTile",
    "TileKeyNumber": 467,
    "MapTypes": 1,
    "Width": 1,
    "Height": 1,
    "FilePath": "Prefabs\\Forest\\",
    "RandomTiles": false
  },
  {
    "TileName": "ForestPathDownRightOuterTile",
    "TileKeyNumber": 481,
    "MapTypes": 1,
    "Width": 1,
    "Height": 1,
    "FilePath": "Prefabs\\Forest\\",
    "RandomTiles": false
  },
  {
    "TileName": "ForestPathDownRightOuterTile",
    "TileKeyNumber": 489,
    "MapTypes": 1,
    "Width": 1,
    "Height": 1,
    "FilePath": "Prefabs\\Forest\\",
    "RandomTiles": false
  }
]

